<?xml version="1.0"?>
<opencv_storage>
<cascade>
  <stageType>BOOST</stageType>
  <featureType>HAAR</featureType>
  <height>20</height>
  <width>20</width>
  <stageParams>
    <boostType>GAB</boostType>
    <minHitRate>9.9900001287460327e-01</minHitRate>
    <maxFalseAlarm>5.0000000745058060e-02</maxFalseAlarm>
    <weightTrimRate>9.4999999999999996e-01</weightTrimRate>
    <maxDepth>1</maxDepth>
    <maxWeakCount>100</maxWeakCount></stageParams>
  <featureParams>
    <maxCatCount>0</maxCatCount>
    <featSize>1</featSize>
    <mode>ALL</mode></featureParams>
  <stageNum>3</stageNum>
  <stages>
    <!-- stage 0 -->
    <_>
      <maxWeakCount>7</maxWeakCount>
      <stageThreshold>-1.5887349843978882e-01</stageThreshold>
      <weakClassifiers>
        <_>
          <internalNodes>
            0 -1 7 4.3493830598890781e-03</internalNodes>
          <leafValues>
            -5.9835392236709595e-01 9.2611467838287354e-01</leafValues></_>
        <_>
          <internalNodes>
            0 -1 11 2.3254426196217537e-03</internalNodes>
          <leafValues>
            -6.2873280048370361e-01 8.5952115058898926e-01</leafValues></_>
        <_>
          <internalNodes>
            0 -1 1 2.2393204271793365e-02</internalNodes>
          <leafValues>
            -8.8964450359344482e-01 5.6516718864440918e-01</leafValues></_>
        <_>
          <internalNodes>
            0 -1 15 -2.4111591279506683e-02</internalNodes>
          <leafValues>
            9.8273748159408569e-01 -4.6661543846130371e-01</leafValues></_>
        <_>
          <internalNodes>
            0 -1 9 -1.2074068188667297e-02</internalNodes>
          <leafValues>
            9.8258709907531738e-01 -5.3675103187561035e-01</leafValues></_>
        <_>
          <internalNodes>
            0 -1 3 -2.9091266915202141e-03</internalNodes>
          <leafValues>
            -9.8970431089401245e-01 5.5147993564605713e-01</leafValues></_>
        <_>
          <internalNodes>
            0 -1 8 -5.8982181362807751e-03</internalNodes>
          <leafValues>
            9.6039128303527832e-01 -5.0844526290893555e-01</leafValues></_></weakClassifiers></_>
    <!-- stage 1 -->
    <_>
      <maxWeakCount>8</maxWeakCount>
      <stageThreshold>-3.4733352065086365e-01</stageThreshold>
      <weakClassifiers>
        <_>
          <internalNodes>
            0 -1 14 -2.3209759965538979e-03</internalNodes>
          <leafValues>
            7.7412283420562744e-01 -6.4889705181121826e-01</leafValues></_>
        <_>
          <internalNodes>
            0 -1 5 4.4015212915837765e-03</internalNodes>
          <leafValues>
            -5.5440181493759155e-01 8.4777003526687622e-01</leafValues></_>
        <_>
          <internalNodes>
            0 -1 2 -1.3656734488904476e-02</internalNodes>
          <leafValues>
            5.3725206851959229e-01 -8.3732235431671143e-01</leafValues></_>
        <_>
          <internalNodes>
            0 -1 4 1.0697340965270996e-01</internalNodes>
          <leafValues>
            4.0071409940719604e-01 -9.5486724376678467e-01</leafValues></_>
        <_>
          <internalNodes>
            0 -1 0 -6.1493548855651170e-05</internalNodes>
          <leafValues>
            -9.8377567529678345e-01 3.3708143234252930e-01</leafValues></_>
        <_>
          <internalNodes>
            0 -1 13 -5.4050087928771973e-03</internalNodes>
          <leafValues>
            9.8448377847671509e-01 -4.8625132441520691e-01</leafValues></_>
        <_>
          <internalNodes>
            0 -1 10 -1.2895558029413223e-02</internalNodes>
          <leafValues>
            9.8148286342620850e-01 -5.4272836446762085e-01</leafValues></_>
        <_>
          <internalNodes>
            0 -1 0 2.0401923393364996e-05</internalNodes>
          <leafValues>
            6.0989743471145630e-01 -1.</leafValues></_></weakClassifiers></_>
    <!-- stage 2 -->
    <_>
      <maxWeakCount>5</maxWeakCount>
      <stageThreshold>-3.4949399530887604e-02</stageThreshold>
      <weakClassifiers>
        <_>
          <internalNodes>
            0 -1 16 -6.4959130249917507e-03</internalNodes>
          <leafValues>
            9.4436311721801758e-01 -4.8974943161010742e-01</leafValues></_>
        <_>
          <internalNodes>
            0 -1 6 -6.2222266569733620e-03</internalNodes>
          <leafValues>
            9.4975382089614868e-01 -3.8378328084945679e-01</leafValues></_>
        <_>
          <internalNodes>
            0 -1 17 -5.0955444574356079e-02</internalNodes>
          <leafValues>
            1. -4.0595319867134094e-01</leafValues></_>
        <_>
          <internalNodes>
            0 -1 0 -3.6740668292623013e-05</internalNodes>
          <leafValues>
            -9.7012120485305786e-01 5.6931293010711670e-01</leafValues></_>
        <_>
          <internalNodes>
            0 -1 12 -2.6655729860067368e-02</internalNodes>
          <leafValues>
            9.2494201660156250e-01 -5.5299192667007446e-01</leafValues></_></weakClassifiers></_></stages>
  <features>
    <_>
      <rects>
        <_>
          0 0 1 3 -1.</_>
        <_>
          0 1 1 1 3.</_></rects>
      <tilted>0</tilted></_>
    <_>
      <rects>
        <_>
          0 0 20 5 -1.</_>
        <_>
          5 0 10 5 2.</_></rects>
      <tilted>0</tilted></_>
    <_>
      <rects>
        <_>
          0 14 7 6 -1.</_>
        <_>
          0 17 7 3 2.</_></rects>
      <tilted>0</tilted></_>
    <_>
      <rects>
        <_>
          1 0 19 10 -1.</_>
        <_>
          1 5 19 5 2.</_></rects>
      <tilted>0</tilted></_>
    <_>
      <rects>
        <_>
          3 4 12 15 -1.</_>
        <_>
          7 9 4 5 9.</_></rects>
      <tilted>0</tilted></_>
    <_>
      <rects>
        <_>
          6 8 3 1 -1.</_>
        <_>
          7 8 1 1 3.</_></rects>
      <tilted>0</tilted></_>
    <_>
      <rects>
        <_>
          6 10 1 3 -1.</_>
        <_>
          6 11 1 1 3.</_></rects>
      <tilted>0</tilted></_>
    <_>
      <rects>
        <_>
          7 6 3 1 -1.</_>
        <_>
          8 6 1 1 3.</_></rects>
      <tilted>0</tilted></_>
    <_>
      <rects>
        <_>
          8 6 3 1 -1.</_>
        <_>
          9 6 1 1 3.</_></rects>
      <tilted>0</tilted></_>
    <_>
      <rects>
        <_>
          8 13 3 5 -1.</_>
        <_>
          9 13 1 5 3.</_></rects>
      <tilted>0</tilted></_>
    <_>
      <rects>
        <_>
          9 5 3 2 -1.</_>
        <_>
          10 5 1 2 3.</_></rects>
      <tilted>0</tilted></_>
    <_>
      <rects>
        <_>
          9 10 1 2 -1.</_>
        <_>
          9 11 1 1 2.</_></rects>
      <tilted>0</tilted></_>
    <_>
      <rects>
        <_>
          9 12 3 3 -1.</_>
        <_>
          10 13 1 1 9.</_></rects>
      <tilted>0</tilted></_>
    <_>
      <rects>
        <_>
          9 13 2 1 -1.</_>
        <_>
          10 13 1 1 2.</_></rects>
      <tilted>0</tilted></_>
    <_>
      <rects>
        <_>
          10 8 1 2 -1.</_>
        <_>
          10 9 1 1 2.</_></rects>
      <tilted>0</tilted></_>
    <_>
      <rects>
        <_>
          12 7 3 3 -1.</_>
        <_>
          13 8 1 1 9.</_></rects>
      <tilted>0</tilted></_>
    <_>
      <rects>
        <_>
          14 10 1 3 -1.</_>
        <_>
          14 11 1 1 3.</_></rects>
      <tilted>0</tilted></_>
    <_>
      <rects>
        <_>
          15 2 3 13 -1.</_>
        <_>
          16 3 1 13 3.</_></rects>
      <tilted>1</tilted></_></features></cascade>
</opencv_storage>
