<?xml version="1.0"?>
<opencv_storage>
<stage0>
  <maxWeakCount>7</maxWeakCount>
  <stageThreshold>-1.5887349843978882e-01</stageThreshold>
  <weakClassifiers>
    <_>
      <internalNodes>
        0 -1 68325 4.3493830598890781e-03</internalNodes>
      <leafValues>
        -5.9835392236709595e-01 9.2611467838287354e-01</leafValues></_>
    <_>
      <internalNodes>
        0 -1 85394 2.3254426196217537e-03</internalNodes>
      <leafValues>
        -6.2873280048370361e-01 8.5952115058898926e-01</leafValues></_>
    <_>
      <internalNodes>
        0 -1 424 2.2393204271793365e-02</internalNodes>
      <leafValues>
        -8.8964450359344482e-01 5.6516718864440918e-01</leafValues></_>
    <_>
      <internalNodes>
        0 -1 103371 -2.4111591279506683e-02</internalNodes>
      <leafValues>
        9.8273748159408569e-01 -4.6661543846130371e-01</leafValues></_>
    <_>
      <internalNodes>
        0 -1 79240 -1.2074068188667297e-02</internalNodes>
      <leafValues>
        9.8258709907531738e-01 -5.3675103187561035e-01</leafValues></_>
    <_>
      <internalNodes>
        0 -1 10863 -2.9091266915202141e-03</internalNodes>
      <leafValues>
        -9.8970431089401245e-01 5.5147993564605713e-01</leafValues></_>
    <_>
      <internalNodes>
        0 -1 76292 -5.8982181362807751e-03</internalNodes>
      <leafValues>
        9.6039128303527832e-01 -5.0844526290893555e-01</leafValues></_></weakClassifiers></stage0>
</opencv_storage>
